,tyndp_status,length,commissioning_year,underground,v_nom,tags,bus0,bus1,geometry
2,in_permitting,131.0,2022,False,400.0,"""url""=>""https://tyndp2020-project-platform.azurewebsites.net/projectsheets/transmission/1"", ""tyndp2020_proj_id""=>""1""",2887,1727,"LINESTRING (-7.793621146853301 41.52102394053344, -8.38943499999999 40.95916)"
4,in_permitting,30.0,2022,False,400.0,"""url""=>""https://tyndp2020-project-platform.azurewebsites.net/projectsheets/transmission/4"", ""tyndp2020_proj_id""=>""4""",2854,2861,"LINESTRING (-8.273869552394737 42.46748640601422, -7.94998199999999 42.383908)"
5,in_permitting,140.21,2022,False,400.0,"""url""=>""https://tyndp2020-project-platform.azurewebsites.net/projectsheets/transmission/4"", ""tyndp2020_proj_id""=>""4""",2861,2811,"LINESTRING (-7.94998199999999 42.383908, -8.582626164089064 41.764651842353146)"
6,in_permitting,140.21,2022,False,400.0,"""url""=>""https://tyndp2020-project-platform.azurewebsites.net/projectsheets/transmission/4"", ""tyndp2020_proj_id""=>""4""",2811,8734,"LINESTRING (-8.582626164089064 41.764651842353146, -8.67645299999999 41.303603)"
10,under_construction,23.0,2022,False,400.0,"""url""=>""https://tyndp2020-project-platform.azurewebsites.net/projectsheets/transmission/23"", ""tyndp2020_proj_id""=>""23""",5118,5075,"LINESTRING (3.08990499999999 50.50906, 3.429108 50.773813)"
12,under_construction,26.0,2023,False,220.0,"""url""=>""https://tyndp2020-project-platform.azurewebsites.net/projectsheets/transmission/26"", ""tyndp2020_proj_id""=>""26""",8736,8736,"LINESTRING (10.465851 46.8808455082082, 10.465851 46.8808455082082)"
15,in_permitting,80.0,2023,False,400.0,"""url""=>""https://tyndp2020-project-platform.azurewebsites.net/projectsheets/transmission/33"", ""tyndp2020_proj_id""=>""33""",2374,8266,"LINESTRING (11.126404 43.872158, 11.413422 44.580687)"
16,planned_not_yet_permitting,350.0,2026,False,220.0,"""url""=>""https://tyndp2020-project-platform.azurewebsites.net/projectsheets/transmission/33"", ""tyndp2020_proj_id""=>""33""",2258,8395,"LINESTRING (14.028168 42.409263, 13.345642 42.426498)"
17,in_permitting,120.5,2026,False,400.0,"""url""=>""https://tyndp2020-project-platform.azurewebsites.net/projectsheets/transmission/35"", ""tyndp2020_proj_id""=>""35""",4662,4673,"LINESTRING (14.3524 49.1584, 15.687103 49.531448)"
18,in_permitting,117.0,2028,False,400.0,"""url""=>""https://tyndp2020-project-platform.azurewebsites.net/projectsheets/transmission/35"", ""tyndp2020_proj_id""=>""35""",4662,4615,"LINESTRING (14.3524 49.1584, 13.282471 49.60804)"
19,under_construction,24.0,2020,True,150.0,"""url""=>""https://tyndp2020-project-platform.azurewebsites.net/projectsheets/transmission/36"", ""tyndp2020_proj_id""=>""36""",5655,5685,"LINESTRING (12.311554 55.670615, 12.271729 54.068253)"
21,under_construction,110.0,2020,False,400.0,"""url""=>""https://tyndp2020-project-platform.azurewebsites.net/projectsheets/transmission/39"", ""tyndp2020_proj_id""=>""39""",5833,5820,"LINESTRING (9.75860599999998 54.306108, 9.29580699999999 55.075223)"
22,planned_not_yet_permitting,157.0,2027,False,380.0,"""url""=>""https://tyndp2020-project-platform.azurewebsites.net/projectsheets/transmission/47"", ""tyndp2020_proj_id""=>""47""",8490,3813,"LINESTRING (10.06485 48.282279, 10.897064 47.236355)"
23,under_construction,110.0,2020,False,400.0,"""url""=>""https://tyndp2020-project-platform.azurewebsites.net/projectsheets/transmission/48"", ""tyndp2020_proj_id""=>""48""",3282,3285,"LINESTRING (17.539673 47.882276, 17.786865 47.653363)"
24,under_construction,110.0,2020,False,400.0,"""url""=>""https://tyndp2020-project-platform.azurewebsites.net/projectsheets/transmission/48"", ""tyndp2020_proj_id""=>""48""",3282,8615,"LINESTRING (17.539673 47.882276, 18.540802 48.236565)"
25,under_construction,48.0,2020,False,400.0,"""url""=>""https://tyndp2020-project-platform.azurewebsites.net/projectsheets/transmission/48"", ""tyndp2020_proj_id""=>""48""",3324,3327,"LINESTRING (19.958038 48.380882, 20.55954 48.263084)"
29,in_permitting,60.0,2024,False,400.0,"""url""=>""https://tyndp2020-project-platform.azurewebsites.net/projectsheets/transmission/78"", ""tyndp2020_proj_id""=>""78""",5202,5224,"LINESTRING (-3.21075400000001 51.135416, -2.633972 51.533523)"
30,in_permitting,138.0,2023,False,400.0,"""url""=>""https://tyndp2020-project-platform.azurewebsites.net/projectsheets/transmission/81"", ""tyndp2020_proj_id""=>""81""",6085,6068,"LINESTRING (-6.61376999999999 53.441446, -6.65496799999999 54.509921)"
32,planned_not_yet_permitting,83.0,2030,False,275.0,"""url""=>""https://tyndp2020-project-platform.azurewebsites.net/projectsheets/transmission/82"", ""tyndp2020_proj_id""=>""82""",6063,8864,"LINESTRING (-8.41964699999999 54.209042, -8.0041 54.6773)"
34,planned_not_yet_permitting,58.0,2030,False,275.0,"""url""=>""https://tyndp2020-project-platform.azurewebsites.net/projectsheets/transmission/82"", ""tyndp2020_proj_id""=>""82""",8864,8865,"LINESTRING (-8.0041 54.6773, -7.2811 54.5781)"
35,planned_not_yet_permitting,61.0,2030,False,275.0,"""url""=>""https://tyndp2020-project-platform.azurewebsites.net/projectsheets/transmission/82"", ""tyndp2020_proj_id""=>""82""",8865,6068,"LINESTRING (-7.2811 54.5781, -6.65496799999999 54.509921)"
37,planned_not_yet_permitting,61.0,2023,False,400.0,"""url""=>""https://tyndp2020-project-platform.azurewebsites.net/projectsheets/transmission/85"", ""tyndp2020_proj_id""=>""85""",1782,8866,"LINESTRING (-8.046112 38.05458, -8.1897 37.6672)"
38,planned_not_yet_permitting,61.0,2023,False,400.0,"""url""=>""https://tyndp2020-project-platform.azurewebsites.net/projectsheets/transmission/85"", ""tyndp2020_proj_id""=>""85""",8866,1787,"LINESTRING (-8.1897 37.6672, -7.73025499999999 37.397437)"
39,planned_not_yet_permitting,75.0,2023,False,400.0,"""url""=>""https://tyndp2020-project-platform.azurewebsites.net/projectsheets/transmission/85"", ""tyndp2020_proj_id""=>""85""",1783,1781,"LINESTRING (-7.55310100000001 38.17991, -7.89230299999999 38.808681)"
41,under_construction,75.0,2022,False,380.0,"""url""=>""https://tyndp2020-project-platform.azurewebsites.net/projectsheets/transmission/103"", ""tyndp2020_proj_id""=>""103""",5094,5757,"LINESTRING (4.9617 52.333661, 5.763702 52.619725)"
47,in_permitting,200.0,2025,False,400.0,"""url""=>""https://tyndp2020-project-platform.azurewebsites.net/projectsheets/transmission/111"", ""tyndp2020_proj_id""=>""111""",6910,8256,"LINESTRING (24.612122 65.877531, 20.232697 66.70191)"
48,in_permitting,156.0,2024,False,400.0,"""url""=>""https://tyndp2020-project-platform.azurewebsites.net/projectsheets/transmission/111"", ""tyndp2020_proj_id""=>""111""",6910,6921,"LINESTRING (24.612122 65.877531, 26.114502 64.778807)"
49,under_construction,108.0,2023,False,400.0,"""url""=>""https://tyndp2020-project-platform.azurewebsites.net/projectsheets/transmission/123"", ""tyndp2020_proj_id""=>""123""",5618,4522,"LINESTRING (21.625214 53.051946, 21.40686 52.213497)"
50,in_permitting,160.0,2026,False,400.0,"""url""=>""https://tyndp2020-project-platform.azurewebsites.net/projectsheets/transmission/124"", ""tyndp2020_proj_id""=>""124""",6348,6350,"LINESTRING (16.659393 57.43682, 14.749146 56.326437)"
51,in_permitting,178.0,2024,False,400.0,"""url""=>""https://tyndp2020-project-platform.azurewebsites.net/projectsheets/transmission/127"", ""tyndp2020_proj_id""=>""127""",2290,2258,"LINESTRING (15.636292 41.359288, 14.028168 42.409263)"
53,under_construction,30.0,2021,False,400.0,"""url""=>""https://tyndp2020-project-platform.azurewebsites.net/projectsheets/transmission/127"", ""tyndp2020_proj_id""=>""127""",2291,1322,"LINESTRING (15.555267 41.165216, 15.3286 40.9749)"
57,under_construction,159.0,2023,False,400.0,"""url""=>""https://tyndp2020-project-platform.azurewebsites.net/projectsheets/transmission/138"", ""tyndp2020_proj_id""=>""138""",2058,3264,"LINESTRING (28.02475 44.323848, 26.7166 45.0762)"
58,in_permitting,140.0,2024,False,400.0,"""url""=>""https://tyndp2020-project-platform.azurewebsites.net/projectsheets/transmission/138"", ""tyndp2020_proj_id""=>""138""",3266,3259,"LINESTRING (27.960205 45.447607, 26.872559 46.265341)"
59,under_construction,86.0,2021,False,400.0,"""url""=>""https://tyndp2020-project-platform.azurewebsites.net/projectsheets/transmission/138"", ""tyndp2020_proj_id""=>""138""",2063,2076,"LINESTRING (27.610016 43.326177, 27.358704 42.576344)"
60,in_permitting,151.0,2023,False,400.0,"""url""=>""https://tyndp2020-project-platform.azurewebsites.net/projectsheets/transmission/142"", ""tyndp2020_proj_id""=>""142""",2069,7885,"LINESTRING (26.003265 42.200038, 23.083964803314 40.8967964275543)"
62,under_construction,13.0,2021,False,400.0,"""url""=>""https://tyndp2020-project-platform.azurewebsites.net/projectsheets/transmission/142"", ""tyndp2020_proj_id""=>""142""",2069,2073,"LINESTRING (26.003265 42.200038, 25.804138 41.964596)"
63,under_construction,150.0,2021,False,400.0,"""url""=>""https://tyndp2020-project-platform.azurewebsites.net/projectsheets/transmission/142"", ""tyndp2020_proj_id""=>""142""",2069,2076,"LINESTRING (26.003265 42.200038, 27.358704 42.576344)"
66,under_construction,131.0,2024,False,400.0,"""url""=>""https://tyndp2020-project-platform.azurewebsites.net/projectsheets/transmission/144"", ""tyndp2020_proj_id""=>""144""",3367,2163,"LINESTRING (21.88777 45.30413, 20.706482 44.86755)"
67,under_construction,116.0,2024,False,400.0,"""url""=>""https://tyndp2020-project-platform.azurewebsites.net/projectsheets/transmission/144"", ""tyndp2020_proj_id""=>""144""",1976,3367,"LINESTRING (22.578278 44.679395, 21.88777 45.30413)"
69,in_permitting,274.0,2025,False,400.0,"""url""=>""https://tyndp2020-project-platform.azurewebsites.net/projectsheets/transmission/144"", ""tyndp2020_proj_id""=>""144""",3366,3366,"LINESTRING (21.2815 45.7426, 21.2815 45.7426)"
77,in_permitting,60.0,2025,False,330.0,"""url""=>""https://tyndp2020-project-platform.azurewebsites.net/projectsheets/transmission/170"", ""tyndp2020_proj_id""=>""170""",6290,6289,"LINESTRING (26.154327 57.918495, 25.473175 57.541628)"
79,in_permitting,243.0,2025,False,330.0,"""url""=>""https://tyndp2020-project-platform.azurewebsites.net/projectsheets/transmission/170"", ""tyndp2020_proj_id""=>""170""",6578,6290,"LINESTRING (28.063202 59.310067, 26.154327 57.918495)"
82,in_permitting,190.0,2025,False,330.0,"""url""=>""https://tyndp2020-project-platform.azurewebsites.net/projectsheets/transmission/170"", ""tyndp2020_proj_id""=>""170""",5537,5543,"LINESTRING (22.740326 55.10273, 24.252319 54.796727)"
84,planned_not_yet_permitting,57.11,2025,False,400.0,"""url""=>""https://tyndp2020-project-platform.azurewebsites.net/projectsheets/transmission/170"", ""tyndp2020_proj_id""=>""170""",5729,8006,"LINESTRING (16.11557 54.132674, 16.6857237480894 54.0342010066989)"
85,planned_not_yet_permitting,119.0,2025,False,400.0,"""url""=>""https://tyndp2020-project-platform.azurewebsites.net/projectsheets/transmission/170"", ""tyndp2020_proj_id""=>""170""",5734,8006,"LINESTRING (16.858521 53.16571, 16.6857237480894 54.0342010066989)"
87,planned_not_yet_permitting,288.5,2025,False,400.0,"""url""=>""https://tyndp2020-project-platform.azurewebsites.net/projectsheets/transmission/170"", ""tyndp2020_proj_id""=>""170""",5726,5589,"LINESTRING (14.831543 53.330873, 18.104095 54.714309)"
88,planned_not_yet_permitting,77.0,2024,False,400.0,"""url""=>""https://tyndp2020-project-platform.azurewebsites.net/projectsheets/transmission/170"", ""tyndp2020_proj_id""=>""170""",5589,5592,"LINESTRING (18.104095 54.714309, 18.684998 54.266026)"
93,in_permitting,92.0,2023,False,380.0,"""url""=>""https://tyndp2020-project-platform.azurewebsites.net/projectsheets/transmission/183"", ""tyndp2020_proj_id""=>""183""",5808,5800,"LINESTRING (8.86459400000001 55.074436, 8.66683999999999 55.481966)"
94,under_construction,60.0,2022,False,,"""url""=>""https://tyndp2020-project-platform.azurewebsites.net/projectsheets/transmission/186"", ""tyndp2020_proj_id""=>""186""",3473,8372,"LINESTRING (16.399841 48.323387, 16.820068 48.943249)"
95,in_permitting,60.0,2028,False,380.0,"""url""=>""https://tyndp2020-project-platform.azurewebsites.net/projectsheets/transmission/187"", ""tyndp2020_proj_id""=>""187""",3399,3399,"LINESTRING (13.080597 48.256684, 13.080597 48.256684)"
97,under_construction,300.0,2022,False,400.0,"""url""=>""https://tyndp2020-project-platform.azurewebsites.net/projectsheets/transmission/197"", ""tyndp2020_proj_id""=>""197""",6921,6782,"LINESTRING (26.114502 64.778807, 25.180664 62.262171)"
98,in_permitting,83.0,2023,False,400.0,"""url""=>""https://tyndp2020-project-platform.azurewebsites.net/projectsheets/transmission/200"", ""tyndp2020_proj_id""=>""200""",4599,4587,"LINESTRING (13.191833 50.341955, 12.675274 50.160683)"
99,under_construction,87.0,2021,False,400.0,"""url""=>""https://tyndp2020-project-platform.azurewebsites.net/projectsheets/transmission/200"", ""tyndp2020_proj_id""=>""200""",4587,4615,"LINESTRING (12.675274 50.160683, 13.282471 49.60804)"
102,under_construction,60.0,2023,False,380.0,"""url""=>""https://tyndp2020-project-platform.azurewebsites.net/projectsheets/transmission/207"", ""tyndp2020_proj_id""=>""207""",8117,5770,"LINESTRING (8.09143099999999 53.313647, 7.23587000000001 53.374317)"
103,under_construction,30.0,2020,False,380.0,"""url""=>""https://tyndp2020-project-platform.azurewebsites.net/projectsheets/transmission/207"", ""tyndp2020_proj_id""=>""207""",8117,5780,"LINESTRING (8.09143099999999 53.313647, 8.00079299999999 53.55581)"
104,under_construction,95.0,2023,False,110.0,"""url""=>""https://tyndp2020-project-platform.azurewebsites.net/projectsheets/transmission/208"", ""tyndp2020_proj_id""=>""208""",4738,5868,"LINESTRING (8.283691 52.344569, 8.61877400000001 53.065976)"
105,under_construction,182.0,2023,False,380.0,"""url""=>""https://tyndp2020-project-platform.azurewebsites.net/projectsheets/transmission/208"", ""tyndp2020_proj_id""=>""208""",4684,5786,"LINESTRING (6.615143 51.630805, 7.38830599999999 53.076703)"
110,in_permitting,45.2,2026,False,400.0,"""url""=>""https://tyndp2020-project-platform.azurewebsites.net/projectsheets/transmission/227"", ""tyndp2020_proj_id""=>""227""",2119,2122,"LINESTRING (19.500315 43.953021, 19.388123 43.723475)"
112,in_permitting,100.0,2026,False,400.0,"""url""=>""https://tyndp2020-project-platform.azurewebsites.net/projectsheets/transmission/227"", ""tyndp2020_proj_id""=>""227""",2119,2124,"LINESTRING (19.500315 43.953021, 19.315338 43.347152)"
114,under_construction,151.0,2019,False,400.0,"""url""=>""https://tyndp2020-project-platform.azurewebsites.net/projectsheets/transmission/227"", ""tyndp2020_proj_id""=>""227""",2147,2124,"LINESTRING (18.772888 42.315909, 19.315338 43.347152)"
116,under_construction,,2020,False,400.0,"""url""=>""https://tyndp2020-project-platform.azurewebsites.net/projectsheets/transmission/227"", ""tyndp2020_proj_id""=>""227""",2175,2176,"LINESTRING (20.928955 44.056999, 20.739984 43.680615)"
118,planned_not_yet_permitting,32.0,2025,False,400.0,"""url""=>""https://tyndp2020-project-platform.azurewebsites.net/projectsheets/transmission/228"", ""tyndp2020_proj_id""=>""228""",3581,3565,"LINESTRING (7.50366199999999 47.891485, 7.71240200000001 48.103763)"
119,under_consideration,40.0,2035,False,400.0,"""url""=>""https://tyndp2020-project-platform.azurewebsites.net/projectsheets/transmission/229"", ""tyndp2020_proj_id""=>""229""",5727,4635,"LINESTRING (15.038505 52.76751, 15.5 51.93333)"
120,under_consideration,40.0,2035,False,400.0,"""url""=>""https://tyndp2020-project-platform.azurewebsites.net/projectsheets/transmission/229"", ""tyndp2020_proj_id""=>""229""",4635,4638,"LINESTRING (15.5 51.93333, 16.729431 52.32359)"
122,under_consideration,90.0,2035,False,400.0,"""url""=>""https://tyndp2020-project-platform.azurewebsites.net/projectsheets/transmission/229"", ""tyndp2020_proj_id""=>""229""",4635,4641,"LINESTRING (15.5 51.93333, 16.056519 51.449728)"
123,under_consideration,80.0,2035,False,400.0,"""url""=>""https://tyndp2020-project-platform.azurewebsites.net/projectsheets/transmission/229"", ""tyndp2020_proj_id""=>""229""",4635,4619,"LINESTRING (15.5 51.93333, 14.615936 52.125058)"
125,in_permitting,100.0,2024,False,400.0,"""url""=>""https://tyndp2020-project-platform.azurewebsites.net/projectsheets/transmission/230"", ""tyndp2020_proj_id""=>""230""",4630,4645,"LINESTRING (15.086975 51.069017, 16.365509 50.816348)"
128,under_consideration,11.0,2030,False,380.0,"""url""=>""https://tyndp2020-project-platform.azurewebsites.net/projectsheets/transmission/231"", ""tyndp2020_proj_id""=>""231""",3603,3601,"LINESTRING (8.16970799999999 47.523693, 8.205414 47.649662)"
133,under_consideration,91.0,2033,False,400.0,"""url""=>""https://tyndp2020-project-platform.azurewebsites.net/projectsheets/transmission/241"", ""tyndp2020_proj_id""=>""241""",3318,2110,"LINESTRING (18.420959 45.289022, 18.538055 44.455349)"
134,under_consideration,46.2,2033,False,400.0,"""url""=>""https://tyndp2020-project-platform.azurewebsites.net/projectsheets/transmission/241"", ""tyndp2020_proj_id""=>""241""",3318,2106,"LINESTRING (18.420959 45.289022, 18.436344 44.904884)"
136,under_consideration,25.0,2033,False,400.0,"""url""=>""https://tyndp2020-project-platform.azurewebsites.net/projectsheets/transmission/241"", ""tyndp2020_proj_id""=>""241""",3318,3318,"LINESTRING (18.420959 45.289022, 18.420959 45.289022)"
137,under_consideration,47.8,2032,False,400.0,"""url""=>""https://tyndp2020-project-platform.azurewebsites.net/projectsheets/transmission/241"", ""tyndp2020_proj_id""=>""241""",2106,2110,"LINESTRING (18.436344 44.904884, 18.538055 44.455349)"
139,under_consideration,70.0,2035,False,400.0,"""url""=>""https://tyndp2020-project-platform.azurewebsites.net/projectsheets/transmission/243"", ""tyndp2020_proj_id""=>""243""",3319,3321,"LINESTRING (18.663025 45.454351, 19.175262 45.75411)"
140,planned_not_yet_permitting,65.0,2028,False,,"""url""=>""https://tyndp2020-project-platform.azurewebsites.net/projectsheets/transmission/244"", ""tyndp2020_proj_id""=>""244""",4823,4842,"LINESTRING (6.25122100000001 49.182601, 7.028503 49.340336)"
141,under_construction,27.0,2021,False,380.0,"""url""=>""https://tyndp2020-project-platform.azurewebsites.net/projectsheets/transmission/245"", ""tyndp2020_proj_id""=>""245""",5766,5784,"LINESTRING (6.936493 53.145947, 7.389679 53.097323)"
143,in_permitting,14.0,2024,True,220.0,"""url""=>""https://tyndp2020-project-platform.azurewebsites.net/projectsheets/transmission/250"", ""tyndp2020_proj_id""=>""250""",3860,3855,"LINESTRING (9.503174 46.35925, 9.34661899999999 46.251099)"
144,planned_not_yet_permitting,90.0,2029,False,,"""url""=>""https://tyndp2020-project-platform.azurewebsites.net/projectsheets/transmission/252"", ""tyndp2020_proj_id""=>""252""",4686,5165,"LINESTRING (5.71701000000001 51.094036, 5.35583499999999 50.557942)"
145,in_permitting,90.0,2024,False,,"""url""=>""https://tyndp2020-project-platform.azurewebsites.net/projectsheets/transmission/252"", ""tyndp2020_proj_id""=>""252""",5099,4686,"LINESTRING (4.603271 51.209464, 5.71701000000001 51.094036)"
146,planned_not_yet_permitting,60.0,2033,False,,"""url""=>""https://tyndp2020-project-platform.azurewebsites.net/projectsheets/transmission/252"", ""tyndp2020_proj_id""=>""252""",5165,5153,"LINESTRING (5.35583499999999 50.557942, 4.35470599999999 50.529143)"
147,planned_not_yet_permitting,47.0,2035,False,,"""url""=>""https://tyndp2020-project-platform.azurewebsites.net/projectsheets/transmission/252"", ""tyndp2020_proj_id""=>""252""",5102,5153,"LINESTRING (4.22012299999999 50.864911, 4.35470599999999 50.529143)"
148,planned_not_yet_permitting,16.0,2025,False,,"""url""=>""https://tyndp2020-project-platform.azurewebsites.net/projectsheets/transmission/252"", ""tyndp2020_proj_id""=>""252""",5085,5102,"LINESTRING (4.177551 51.162122, 4.22012299999999 50.864911)"
149,planned_not_yet_permitting,36.0,2030,False,,"""url""=>""https://tyndp2020-project-platform.azurewebsites.net/projectsheets/transmission/252"", ""tyndp2020_proj_id""=>""252""",5085,5099,"LINESTRING (4.177551 51.162122, 4.603271 51.209464)"
152,under_construction,125.0,2022,False,380.0,"""url""=>""https://tyndp2020-project-platform.azurewebsites.net/projectsheets/transmission/258"", ""tyndp2020_proj_id""=>""258""",5855,5808,"LINESTRING (9.24087500000001 53.906765, 8.86459400000001 55.074436)"
153,under_consideration,120.0,2030,False,400.0,"""url""=>""https://tyndp2020-project-platform.azurewebsites.net/projectsheets/transmission/259"", ""tyndp2020_proj_id""=>""259""",3343,3345,"LINESTRING (21.566162 47.659838, 22.026215 47.044861)"
156,under_consideration,1.0,2035,False,380.0,"""url""=>""https://tyndp2020-project-platform.azurewebsites.net/projectsheets/transmission/263"", ""tyndp2020_proj_id""=>""263""",8870,3626,"LINESTRING (9.556022 47.302744, 8.298798 47.148634)"
157,under_consideration,1.0,2035,False,380.0,"""url""=>""https://tyndp2020-project-platform.azurewebsites.net/projectsheets/transmission/263"", ""tyndp2020_proj_id""=>""263""",8870,3843,"LINESTRING (9.556022 47.302744, 9.253235 46.824496)"
158,under_consideration,,2035,False,380.0,"""url""=>""https://tyndp2020-project-platform.azurewebsites.net/projectsheets/transmission/263"", ""tyndp2020_proj_id""=>""263""",8870,8175,"LINESTRING (9.556022 47.302744, 9.80228979023356 47.6377345779987)"
159,under_consideration,,2035,False,380.0,"""url""=>""https://tyndp2020-project-platform.azurewebsites.net/projectsheets/transmission/263"", ""tyndp2020_proj_id""=>""263""",8870,3791,"LINESTRING (9.556022 47.302744, 9.790192 47.138359)"
160,in_permitting,64.0,2029,False,380.0,"""url""=>""https://tyndp2020-project-platform.azurewebsites.net/projectsheets/transmission/264"", ""tyndp2020_proj_id""=>""264""",3603,3626,"LINESTRING (8.16970799999999 47.523693, 8.298798 47.148634)"
162,in_permitting,45.4,2027,False,380.0,"""url""=>""https://tyndp2020-project-platform.azurewebsites.net/projectsheets/transmission/264"", ""tyndp2020_proj_id""=>""264""",3586,3697,"LINESTRING (7.19192499999999 47.364874, 7.22213700000001 47.007416)"
163,in_permitting,87.1,2035,False,380.0,"""url""=>""https://tyndp2020-project-platform.azurewebsites.net/projectsheets/transmission/264"", ""tyndp2020_proj_id""=>""264""",3626,7291,"LINESTRING (8.298798 47.148634, 8.32488999999999 46.532414)"
164,planned_not_yet_permitting,,2035,False,220.0,"""url""=>""https://tyndp2020-project-platform.azurewebsites.net/projectsheets/transmission/265"", ""tyndp2020_proj_id""=>""265""",3837,7291,"LINESTRING (8.85498 46.16081, 8.32488999999999 46.532414)"
166,in_permitting,124.0,2029,False,380.0,"""url""=>""https://tyndp2020-project-platform.azurewebsites.net/projectsheets/transmission/266"", ""tyndp2020_proj_id""=>""266""",3706,3834,"LINESTRING (7.555847 46.336499, 8.795929 46.401882)"
167,in_permitting,106.6,2027,False,380.0,"""url""=>""https://tyndp2020-project-platform.azurewebsites.net/projectsheets/transmission/266"", ""tyndp2020_proj_id""=>""266""",3593,3706,"LINESTRING (7.64236499999999 47.079475, 7.555847 46.336499)"
168,under_construction,30.0,2022,False,380.0,"""url""=>""https://tyndp2020-project-platform.azurewebsites.net/projectsheets/transmission/266"", ""tyndp2020_proj_id""=>""266""",3703,3706,"LINESTRING (7.165833 46.200745, 7.555847 46.336499)"
171,planned_not_yet_permitting,110.0,2030,False,400.0,"""url""=>""https://tyndp2020-project-platform.azurewebsites.net/projectsheets/transmission/270"", ""tyndp2020_proj_id""=>""270""",8867,2749,"LINESTRING (-1.14818 42.10892, -1.671123 41.952398)"
176,planned_not_yet_permitting,80.0,2029,False,400.0,"""url""=>""https://tyndp2020-project-platform.azurewebsites.net/projectsheets/transmission/276"", ""tyndp2020_proj_id""=>""276""",2706,2711,"LINESTRING (-0.812988000000009 43.979969, -0.575409000000004 43.345155)"
193,under_construction,1.0,2020,False,380.0,"""url""=>""https://tyndp2020-project-platform.azurewebsites.net/projectsheets/transmission/297"", ""tyndp2020_proj_id""=>""297""",5098,5098,"LINESTRING (4.307132 51.301299, 4.307132 51.301299)"
200,under_construction,128.0,2025,False,380.0,"""url""=>""https://tyndp2020-project-platform.azurewebsites.net/projectsheets/transmission/312"", ""tyndp2020_proj_id""=>""312""",3399,3409,"LINESTRING (13.080597 48.256684, 12.803192 47.244746)"
201,in_permitting,90.0,2024,False,380.0,"""url""=>""https://tyndp2020-project-platform.azurewebsites.net/projectsheets/transmission/313"", ""tyndp2020_proj_id""=>""313""",3380,3399,"LINESTRING (12.172852 48.638354, 13.080597 48.256684)"
202,under_construction,80.0,2021,False,400.0,"""url""=>""https://tyndp2020-project-platform.azurewebsites.net/projectsheets/transmission/320"", ""tyndp2020_proj_id""=>""320""",3506,3509,"LINESTRING (15.724182 46.386728, 16.689606 46.633408)"
203,in_permitting,85.0,2025,False,380.0,"""url""=>""https://tyndp2020-project-platform.azurewebsites.net/projectsheets/transmission/322"", ""tyndp2020_proj_id""=>""322""",8490,3779,"LINESTRING (10.06485 48.282279, 9.73251299999999 47.623752)"
205,in_permitting,11.0,2025,True,110.0,"""url""=>""https://tyndp2020-project-platform.azurewebsites.net/projectsheets/transmission/323"", ""tyndp2020_proj_id""=>""323""",3455,3451,"LINESTRING (13.717804 45.526555, 13.791962 45.691792)"
206,in_permitting,22.5,2023,True,110.0,"""url""=>""https://tyndp2020-project-platform.azurewebsites.net/projectsheets/transmission/324"", ""tyndp2020_proj_id""=>""324""",3450,3448,"LINESTRING (13.471985 45.801042, 13.654633 45.967379)"
210,planned_not_yet_permitting,40.0,2026,False,400.0,"""url""=>""https://tyndp2020-project-platform.azurewebsites.net/projectsheets/transmission/328"", ""tyndp2020_proj_id""=>""328""",7100,4808,"LINESTRING (6.590884 49.789617, 6.140853 49.688695)"
212,under_consideration,78.0,2035,False,400.0,"""url""=>""https://tyndp2020-project-platform.azurewebsites.net/projectsheets/transmission/330"", ""tyndp2020_proj_id""=>""330""",4471,4500,"LINESTRING (17.440796 49.236431, 18.287416 49.038186)"
221,under_construction,139.0,2023,False,132.0,"""url""=>""https://tyndp2020-project-platform.azurewebsites.net/projectsheets/transmission/336"", ""tyndp2020_proj_id""=>""336""",3389,3389,"LINESTRING (11.604309 47.081345, 11.604309 47.081345)"
225,planned_not_yet_permitting,100.0,2028,False,,"""url""=>""https://tyndp2020-project-platform.azurewebsites.net/projectsheets/transmission/340"", ""tyndp2020_proj_id""=>""340""",5075,5153,"LINESTRING (3.429108 50.773813, 4.35470599999999 50.529143)"
227,under_consideration,60.0,2030,False,400.0,"""url""=>""https://tyndp2020-project-platform.azurewebsites.net/projectsheets/transmission/341"", ""tyndp2020_proj_id""=>""341""",2170,2160,"LINESTRING (20.9729 44.874362, 20.378265 44.819838)"
237,planned_not_yet_permitting,180.0,2030,False,400.0,"""url""=>""https://tyndp2020-project-platform.azurewebsites.net/projectsheets/transmission/343"", ""tyndp2020_proj_id""=>""343""",2086,2267,"LINESTRING (17.201843 44.772087, 15.26017 44.886816)"
238,planned_not_yet_permitting,68.0,2030,False,400.0,"""url""=>""https://tyndp2020-project-platform.azurewebsites.net/projectsheets/transmission/343"", ""tyndp2020_proj_id""=>""343""",2267,3501,"LINESTRING (15.26017 44.886816, 14.558258 45.323186)"
241,under_consideration,165.0,2040,False,380.0,"""url""=>""https://tyndp2020-project-platform.azurewebsites.net/projectsheets/transmission/344"", ""tyndp2020_proj_id""=>""344""",5759,4679,"LINESTRING (6.14410399999999 52.52207, 5.671692 51.908696)"
247,planned_not_yet_permitting,160.0,2025,False,275.0,"""url""=>""https://tyndp2020-project-platform.azurewebsites.net/projectsheets/transmission/349"", ""tyndp2020_proj_id""=>""349""",8868,6079,"LINESTRING (-9.578832 54.120411, -8.268819 53.134319)"
257,under_construction,161.0,2020,False,400.0,"""url""=>""https://tyndp2020-project-platform.azurewebsites.net/projectsheets/transmission/350"", ""tyndp2020_proj_id""=>""350""",2201,2198,"LINESTRING (20.725963 41.239159, 19.966278 41.16108)"
259,planned_not_yet_permitting,140.0,2027,False,220.0,"""url""=>""https://tyndp2020-project-platform.azurewebsites.net/projectsheets/transmission/375"", ""tyndp2020_proj_id""=>""375""",3435,3416,"LINESTRING (12.693329 46.798179, 11.666107 45.792425)"
263,under_consideration,38.8,2025,False,400.0,"""url""=>""https://tyndp2020-project-platform.azurewebsites.net/projectsheets/transmission/379"", ""tyndp2020_proj_id""=>""379""",2623,2619,"LINESTRING (-2.880286 43.349776, -3.05282599999999 43.265206)"
264,under_consideration,69.12,2025,False,400.0,"""url""=>""https://tyndp2020-project-platform.azurewebsites.net/projectsheets/transmission/379"", ""tyndp2020_proj_id""=>""379""",2623,2721,"LINESTRING (-2.880286 43.349776, -2.24395799999999 43.047816)"
265,under_consideration,57.0,2025,False,400.0,"""url""=>""https://tyndp2020-project-platform.azurewebsites.net/projectsheets/transmission/379"", ""tyndp2020_proj_id""=>""379""",2623,8379,"LINESTRING (-2.880286 43.349776, -2.20687899999999 43.098977)"
273,under_consideration,170.0,2030,False,330.0,"""url""=>""https://tyndp2020-project-platform.azurewebsites.net/projectsheets/transmission/1042"", ""tyndp2020_proj_id""=>""1042""",6303,6277,"LINESTRING (21.295624 56.032924, 23.506622 56.113404)"
274,under_consideration,72.0,2030,False,330.0,"""url""=>""https://tyndp2020-project-platform.azurewebsites.net/projectsheets/transmission/1042"", ""tyndp2020_proj_id""=>""1042""",5540,6277,"LINESTRING (24.307251 55.762668, 23.506622 56.113404)"
275,under_construction,14.0,2021,False,380.0,"""url""=>""https://tyndp2020-project-platform.azurewebsites.net/projectsheets/transmission/1043"", ""tyndp2020_proj_id""=>""1043""",5862,5862,"LINESTRING (9.48532099999999 53.629168, 9.48532099999999 53.629168)"
276,under_construction,60.0,2024,False,380.0,"""url""=>""https://tyndp2020-project-platform.azurewebsites.net/projectsheets/transmission/1043"", ""tyndp2020_proj_id""=>""1043""",4888,4893,"LINESTRING (10.299683 52.286643, 9.988131 51.954234)"
277,under_construction,45.0,2024,False,380.0,"""url""=>""https://tyndp2020-project-platform.azurewebsites.net/projectsheets/transmission/1043"", ""tyndp2020_proj_id""=>""1043""",4893,7632,"LINESTRING (9.988131 51.954234, 9.852428 51.649318)"
278,under_construction,105.0,2024,False,380.0,"""url""=>""https://tyndp2020-project-platform.azurewebsites.net/projectsheets/transmission/1043"", ""tyndp2020_proj_id""=>""1043""",7632,4885,"LINESTRING (9.852428 51.649318, 9.621277 50.85971)"
281,in_permitting,290.0,2028,False,400.0,"""url""=>""https://tyndp2020-project-platform.azurewebsites.net/projectsheets/transmission/1046"", ""tyndp2020_proj_id""=>""1046""",6923,6790,"LINESTRING (26.842346 64.556701, 27.766571 62.262171)"
282,in_permitting,100.0,2029,False,400.0,"""url""=>""https://tyndp2020-project-platform.azurewebsites.net/projectsheets/transmission/1046"", ""tyndp2020_proj_id""=>""1046""",6917,6923,"LINESTRING (25.692902 65.279688, 26.842346 64.556701)"
283,planned_not_yet_permitting,175.0,2030,False,400.0,"""url""=>""https://tyndp2020-project-platform.azurewebsites.net/projectsheets/transmission/1046"", ""tyndp2020_proj_id""=>""1046""",6782,6551,"LINESTRING (25.180664 62.262171, 24.915619 60.90707)"
284,under_consideration,31.0,2035,True,380.0,"""url""=>""https://tyndp2020-project-platform.azurewebsites.net/projectsheets/transmission/1047"", ""tyndp2020_proj_id""=>""1047""",5770,5753,"LINESTRING (7.23587000000001 53.374317, 6.86370800000001 53.418536)"
289,planned_not_yet_permitting,170.0,2030,False,380.0,"""url""=>""https://tyndp2020-project-platform.azurewebsites.net/projectsheets/transmission/1052"", ""tyndp2020_proj_id""=>""1052""",3435,7757,"LINESTRING (12.693329 46.798179, 14.5912685597917 46.536256583087)"
290,planned_not_yet_permitting,105.0,2027,False,380.0,"""url""=>""https://tyndp2020-project-platform.azurewebsites.net/projectsheets/transmission/1054"", ""tyndp2020_proj_id""=>""1054""",3813,3393,"LINESTRING (10.897064 47.236355, 11.964111 47.292271)"
295,under_consideration,90.0,2035,False,400.0,"""url""=>""https://tyndp2020-project-platform.azurewebsites.net/projectsheets/transmission/1056"", ""tyndp2020_proj_id""=>""1056""",2280,2130,"LINESTRING (16.78425 43.503952, 17.436701 43.052743)"
296,under_consideration,105.0,2035,False,220.0,"""url""=>""https://tyndp2020-project-platform.azurewebsites.net/projectsheets/transmission/1056"", ""tyndp2020_proj_id""=>""1056""",2130,2135,"LINESTRING (17.436701 43.052743, 18.23576 42.610562)"
299,in_permitting,50.0,2027,False,400.0,"""url""=>""https://tyndp2020-project-platform.azurewebsites.net/projectsheets/transmission/1059"", ""tyndp2020_proj_id""=>""1059""",1325,1327,"LINESTRING (15.996094 39.990799, 16.020813 39.780047)"
300,in_permitting,,2030,False,400.0,"""url""=>""https://tyndp2020-project-platform.azurewebsites.net/projectsheets/transmission/1059"", ""tyndp2020_proj_id""=>""1059""",1321,1318,"LINESTRING (15.03067 40.66814, 15.058136 40.941527)"
301,in_permitting,,2030,False,400.0,"""url""=>""https://tyndp2020-project-platform.azurewebsites.net/projectsheets/transmission/1059"", ""tyndp2020_proj_id""=>""1059""",1318,2289,"LINESTRING (15.058136 40.941527, 14.957886 41.143501)"
302,under_construction,40.0,2022,False,380.0,"""url""=>""https://tyndp2020-project-platform.azurewebsites.net/projectsheets/transmission/1063"", ""tyndp2020_proj_id""=>""1063""",5095,5095,"LINESTRING (4.218787 51.424034, 4.218787 51.424034)"
308,under_consideration,50.6,2036,False,400.0,"""url""=>""https://tyndp2020-project-platform.azurewebsites.net/projectsheets/transmission/1074"", ""tyndp2020_proj_id""=>""1074""",3351,3348,"LINESTRING (19.720459 46.020807, 20.170898 46.29856)"
309,under_consideration,80.0,2036,False,400.0,"""url""=>""https://tyndp2020-project-platform.azurewebsites.net/projectsheets/transmission/1074"", ""tyndp2020_proj_id""=>""1074""",3321,3352,"LINESTRING (19.175262 45.75411, 19.756165 45.527517)"
